insert into user (UserID, UserFirstName, UserLastName, Gender, PhoneNumber, E_mail, BirthDate, PostCode, TeamID, NotOrt,UserType,ArrivalDate) values (478291, 'Berkie', 'Arbon', 'M', '76962665504', 'barbon0@hugedomains.com', '1976-12-29', 22000, 110, 2.1,'G',now());
insert into user (UserID, UserFirstName, UserLastName, Gender, PhoneNumber, E_mail, BirthDate, PostCode, TeamID, NotOrt,UserType,ArrivalDate) values (384212, 'Cthrine', 'Latus', 'F', '65583775177', 'clatus1@yolasite.com', '1963-03-23', 22000, 112, 3.0,'S',now());
insert into user (UserID, UserFirstName, UserLastName, Gender, PhoneNumber, E_mail, BirthDate, PostCode, TeamID, NotOrt,UserType,ArrivalDate) values (897523, 'Robbie', 'Feldberger', 'M', '67564379622', 'rfeldberger2@1688.com', '1981-09-09', 35000, 155, 1.8,'A',now());
insert into user (UserID, UserFirstName, UserLastName, Gender, PhoneNumber, E_mail, BirthDate, PostCode, TeamID, NotOrt,UserType,ArrivalDate) values (946224, 'Dorian', 'Lorait', 'M', '55444415828', 'dlorait3@icq.com', '1962-05-01', null, 155, 2.95,'T',now());
insert into user (UserID, UserFirstName, UserLastName, Gender, PhoneNumber, E_mail, BirthDate, PostCode, TeamID, NotOrt,UserType,ArrivalDate) values (774195, 'Ephrayim', 'Handmore', 'M', '45944520408', 'ehandmore4@com.com', '1979-11-18', null, 155, 3.4,'S',now());
insert into user (UserID, UserFirstName, UserLastName, Gender, PhoneNumber, E_mail, BirthDate, PostCode, TeamID, NotOrt,UserType,ArrivalDate) values (541186, 'Shea', 'Paxton', 'F', '44552355931', 'spaxton5@pbs.org', '2000-08-06', 26000, 110, 1.9,'A',now());
insert into user (UserID, UserFirstName, UserLastName, Gender, PhoneNumber, E_mail, BirthDate, PostCode, TeamID, NotOrt,UserType,ArrivalDate) values (741097, 'Rennie', 'Slowgrave', 'F', '54941037248', 'rslowgrave6@weibo.com', '1973-01-17', 34000, 112, 3.1,'A',now());
insert into user (UserID, UserFirstName, UserLastName, Gender, PhoneNumber, E_mail, BirthDate, PostCode, TeamID, NotOrt,UserType,ArrivalDate) values (863418, 'Cristen', 'Tawse', 'F', '46613482304', 'ctawse7@cisco.com', '1978-10-09', 34000, 112, 2.3,'S',now());
insert into user (UserID, UserFirstName, UserLastName, Gender, PhoneNumber, E_mail, BirthDate, PostCode, TeamID, NotOrt,UserType,ArrivalDate) values (109239, 'Josephina', 'Guillart', 'F', '10341121588', 'jguillart8@wikispaces.com', '1999-07-23', 16000, null, 3.0,'S',now());
insert into user (UserID, UserFirstName, UserLastName, Gender, PhoneNumber, E_mail, BirthDate, PostCode, TeamID, NotOrt,UserType,ArrivalDate) values (124570, 'Gisela', 'Quarry', 'F', '55924426412', 'gquarry9@slashdot.org', '2003-01-11', null, 110, 2.4,'T',now());


insert into user (UserID, UserFirstName, UserLastName, Gender, PhoneNumber, E_mail, BirthDate, PostCode, TeamID, NotOrt,UserType,ArrivalDate) values (478092, 'Berker', 'Varan', 'M', '76962668504', 'berker0@hugedomains.com', '1997-12-29', 22000, 110, 2.1,'G',now());
insert into user (UserID, UserFirstName, UserLastName, Gender, PhoneNumber, E_mail, BirthDate, PostCode, TeamID, NotOrt,UserType,ArrivalDate) values (384213, 'Cthris', 'Leran', 'F', '65583775177', 'cthris1@yolasite.com', '2000-03-23', 22000, 112, 3.0,'S',now());
insert into user (UserID, UserFirstName, UserLastName, Gender, PhoneNumber, E_mail, BirthDate, PostCode, TeamID, NotOrt,UserType,ArrivalDate) values (897524, 'Bob', 'Dylan', 'M', '67564379622', 'bob2@1688.com', '1981-09-09', 35000, 155, 1.8,'A',now());
insert into user (UserID, UserFirstName, UserLastName, Gender, PhoneNumber, E_mail, BirthDate, PostCode, TeamID, NotOrt,UserType,ArrivalDate) values (946245, 'Dorann', 'Mathers', 'M', '55444415828', 'dorann3@icq.com', '1962-05-01', 16000, 155, 2.85,'T',now());
insert into user (UserID, UserFirstName, UserLastName, Gender, PhoneNumber, E_mail, BirthDate, PostCode, TeamID, NotOrt,UserType,ArrivalDate) values (774196, 'Michael', 'Jack', 'M', '45944520408', 'ehanscdmore4@com.com', '1979-11-18', 35000, 155, 3.4,'G',now());
insert into user (UserID, UserFirstName, UserLastName, Gender, PhoneNumber, E_mail, BirthDate, PostCode, TeamID, NotOrt,UserType,ArrivalDate) values (541187, 'Lionel', 'Matuidi', 'F', '44552355931', 'spaxvsaton5@pbs.org', '2000-08-06', 26000, 110, 1.9,'A',now());
insert into user (UserID, UserFirstName, UserLastName, Gender, PhoneNumber, E_mail, BirthDate, PostCode, TeamID, NotOrt,UserType,ArrivalDate) values (741092, 'Russel', 'Grave', 'F', '54941037248', 'grave6@weibo.com', '1973-01-17', 34000, 112, 3.1,'T',now());
insert into user (UserID, UserFirstName, UserLastName, Gender, PhoneNumber, E_mail, BirthDate, PostCode, TeamID, NotOrt,UserType,ArrivalDate) values (863413, 'Cristiano', 'Townsend', 'F', '46613482304', 'townse@cisco.com', '1978-10-09', 34000, 112, 2.3,'S',now());
insert into user (UserID, UserFirstName, UserLastName, Gender, PhoneNumber, E_mail, BirthDate, PostCode, TeamID, NotOrt,UserType,ArrivalDate) values (109234, 'Burak', 'Guill', 'F', '10341121588', 'jguill8@wikispaces.com', '1999-07-23', 16000, 112, 3.0,'G',now());
insert into user (UserID, UserFirstName, UserLastName, Gender, PhoneNumber, E_mail, BirthDate, PostCode, TeamID, NotOrt,UserType,ArrivalDate) values (124577, 'Mustafa', 'Hoş', 'F', '55924426412', 'mustafa9@slashdot.org', '2003-01-11', 16000, 110, 2.4,'T',now());





insert into city(PostCode,CityName) values (22000, "Edirne");
insert into city(PostCode,CityName) values (35000, "İzmir");
insert into city(PostCode,CityName) values (26000, "Eskişehir");
insert into city(PostCode,CityName) values (34000, "İstanbul");
insert into city(PostCode,CityName) values (16000, "Bursa");

insert into district(PostCode,DistrictName) values (22000, "Saraçhane");
insert into district(PostCode,DistrictName) values (22000, "1.Murat");
insert into district(PostCode,DistrictName) values (35000, "Bornova");
insert into district(PostCode,DistrictName) values (35000, "Karşıyaka");
insert into district(PostCode,DistrictName) values (26000, "Odunpazarı");
insert into district(PostCode,DistrictName) values (34000, "Beşiktaş");
insert into district(PostCode,DistrictName) values (34000, "Mecidiyeköy");
insert into district(PostCode,DistrictName) values (16000, "Merkez");


insert into team(TeamID,TeamName,CreateDate,TeamField) values ("110","Team1",'2015-10-10',"Software");
insert into team(TeamID,TeamName,CreateDate,TeamField) values ("112","Team2","2014-5-6","Database");
insert into team(TeamID,TeamName,CreateDate,TeamField) values ("155","Team3","2010-7-8","Network");